Biaya,Keselamatan,Lingkungan,Fitur,Reliabilitas,Lainnya 
Pajak,Keamanan,Efisiensi,Kenyamanan,Layanan,Modifikasi
Biaya,Airbag,Fuel,Comfort,Customer,Custom
Harga,ABS,Irit,Ruang,Kemudahan,Tuning
Sparepart,Uji,Emisi,Desain,Servis,Upgrade
Angsuran,Crash,Eco,Aesthetic,Maintenance,Bekas
Kredit,Sabuk,Green,Audio,Ban,Second
Diskon,Rem,Hybrid,Sound,Akselerasi,Pre-owned
Promo,Penguncian,Electric,Speaker,Performa,Secondhand
Cicilan,Tabrakan,EV,Teknologi,Mesin,Lelang
Tunai,Pengendalian,Hidrogen,Infotainment,Kapasitas,Rumor
Konsumsi,Kendali,CO2,Facelift,Penjualan,Tidak Valid
Estimasi,Pre-collision,Gas,Spesifikasi,Penjaminan,Penipuan
Bayar,Rem,Biodiesel,Specs,Kualitas,Kemacetan
Premi,Deteksi,Karbon,Navigasi,Jaminan,Klub
Pemakaian,Perlindungan,Solar,Sunroof,Kendala,Komunitas
Pengeluaran,Impact,Biofuel,Kursi,Garansi,Sahabat
Pemeliharaan,Struktur,Emisi,Layar,Komponen,Tabrak
Ritel,Rangka,Propana,Monitor,Durabilitas,Kecelakaan
Penawaran,Safety,Clean,Pintu,Tahan,motor
Pembelian,Keselamatan,Ramah,Kaca,Teruji,foto
Transaksi,Collision,Rechargeable,Kunci,Kepuasan,baca
inden,Pengaman,Power,Remote,Kredibilitas,
subsidi,tabrak,Air,Sistem,Kepercayaan,
murah,jalan,Listrik,Alarm,Keandalan,
,aman,Biodegradable,AC,Perbaikan,
,,Eco-friendly,HVAC,Purna,
,,baterai,Sirkulasi,Perlindungan,
,,irit,Audio,Pengembalian,
,,bbm,MP3,Kehandalan,
,,konsumsi,Bluetooth,Reputasi,
,,,Koneksi,mesin,
,,,USB,bengkel,
,,,Charger,mudik,
,,,Penyimpanan,sport,
,,,Boks,,
,,,Kompartemen,,
,,,Kanopi,,
,,,varian,,
,,,warna,,
,,,luncur,,
,,,interior,,
